(n, d, k);[Gematria of ELS];Gematria WordTotal of ELS;ELS Search Term;Found in WordNumber In Text;WordCoordinatesDWTK;Found in Word In Text;LetterPositionIndex In Word;LetterCoordinatesD5K of First Letter in ELS;Found In Verse
(73514, -97, 4);[100, 10, 200, 100];410;קירק;19428;(1, 47, 26, 4, 19428);לחק;3;(1, 47, 26, 14, 73514);וישם אתה יוסף לחק עד היום הזה על אדמת מצרים לפרעה לחמש רק אדמת הכהנים לבדם לא היתה לפרעה
(284002, -96, 4);[100, 10, 200, 100];410;קירק;74547;(5, 22, 2, 3, 74547);קרוב;1;(5, 22, 2, 6, 284002);ואם לא קרוב אחיך אליך ולא ידעתו ואספתו אל תוך ביתך והיה עמך עד דרש אחיך אתו והשבתו לו
(46859, -95, 4);[100, 10, 200, 100];410;קירק;12490;(1, 32, 8, 14, 12490);הבקר;3;(1, 32, 8, 46, 46859);ויירא יעקב מאד ויצר לו ויחץ את העם אשר אתו ואת הצאן ואת הבקר והגמלים לשני מחנות
(51920, -89, 4);[100, 10, 200, 100];410;קירק;13835;(1, 35, 22, 17, 13835);יעקב;3;(1, 35, 22, 71, 51920);ויהי בשכן ישראל בארץ ההוא וילך ראובן וישכב את בלהה פילגש אביו וישמע ישראל ויהיו בני יעקב שנים עשר
(47454, -88, 4);[100, 10, 200, 100];410;קירק;12638;(1, 32, 19, 3, 12638);ליעקב;4;(1, 32, 19, 14, 47454);ואמרת לעבדך ליעקב מנחה הוא שלוחה לאדני לעשו והנה גם הוא אחרינו
(274282, -87, 4);[100, 10, 200, 100];410;קירק;71935;(5, 14, 9, 11, 71935);וקשקשת;4;(5, 14, 9, 35, 274282);את זה תאכלו מכל אשר במים כל אשר לו סנפיר וקשקשת תאכלו
(159887, -86, 4);[100, 10, 200, 100];410;קירק;42213;(3, 13, 34, 14, 42213);עמק;3;(3, 13, 34, 55, 159887);וראה הכהן את הנתק ביום השביעי והנה לא פשה הנתק בעור ומראהו איננו עמק מן העור וטהר אתו הכהן וכבס בגדיו וטהר
(112873, -84, 4);[100, 10, 200, 100];410;קירק;29880;(2, 24, 8, 1, 29880);ויקח;3;(2, 24, 8, 3, 112873);ויקח משה את הדם ויזרק על העם ויאמר הנה דם הברית אשר כרת יהוה עמכם על כל הדברים האלה
(291855, -84, 4);[100, 10, 200, 100];410;קירק;76632;(5, 28, 9, 1, 76632);יקימך;2;(5, 28, 9, 2, 291855);יקימך יהוה לו לעם קדוש כאשר נשבע לך כי תשמר את מצות יהוה אלהיך והלכת בדרכיו
(28441, -79, 4);[100, 10, 200, 100];410;קירק;7589;(1, 23, 3, 1, 7589);ויקם;3;(1, 23, 3, 3, 28441);ויקם אברהם מעל פני מתו וידבר אל בני חת לאמר
(156983, -71, 4);[100, 10, 200, 100];410;קירק;41429;(3, 11, 36, 4, 41429);מקוה;2;(3, 11, 36, 12, 156983);אך מעין ובור מקוה מים יהיה טהור ונגע בנבלתם יטמא
(253288, -70, 4);[100, 10, 200, 100];410;קירק;66545;(5, 2, 14, 21, 66545);מקרב;2;(5, 2, 14, 75, 253288);והימים אשר הלכנו מקדש ברנע עד אשר עברנו את נחל זרד שלשים ושמנה שנה עד תם כל הדור אנשי המלחמה מקרב המחנה כאשר נשבע יהוה להם
(106706, -68, 4);[100, 10, 200, 100];410;קירק;28175;(2, 19, 20, 9, 28175);ויקרא;3;(2, 19, 20, 27, 106706);וירד יהוה על הר סיני אל ראש ההר ויקרא יהוה למשה אל ראש ההר ויעל משה
(217145, -68, 4);[100, 10, 200, 100];410;קירק;57234;(4, 16, 35, 10, 57234);מקריבי;2;(4, 16, 35, 38, 217145);ואש יצאה מאת יהוה ותאכל את החמשים ומאתים איש מקריבי הקטרת
(216514, -67, 4);[100, 10, 200, 100];410;קירק;57072;(4, 16, 24, 8, 57072);קרח;1;(4, 16, 24, 28, 216514);דבר אל העדה לאמר העלו מסביב למשכן קרח דתן ואבירם
(185014, -66, 4);[100, 10, 200, 100];410;קירק;48905;(3, 27, 7, 12, 48905);שקל;2;(3, 27, 7, 40, 185014);ואם מבן ששים שנה ומעלה אם זכר והיה ערכך חמשה עשר שקל ולנקבה עשרה שקלים
(63160, -59, 4);[100, 10, 200, 100];410;קירק;16774;(1, 42, 4, 13, 16774);יקראנו;2;(1, 42, 4, 40, 63160);ואת בנימין אחי יוסף לא שלח יעקב את אחיו כי אמר פן יקראנו אסון
(50573, -53, 4);[100, 10, 200, 100];410;קירק;13479;(1, 34, 28, 4, 13479);בקרם;2;(1, 34, 28, 11, 50573);את צאנם ואת בקרם ואת חמריהם ואת אשר בעיר ואת אשר בשדה לקחו
(58488, -53, 4);[100, 10, 200, 100];410;קירק;15546;(1, 39, 17, 13, 15546);לצחק;4;(1, 39, 17, 51, 58488);ותדבר אליו כדברים האלה לאמר בא אלי העבד העברי אשר הבאת לנו לצחק בי
(282011, -53, 4);[100, 10, 200, 100];410;קירק;74008;(5, 20, 10, 2, 74008);תקרב;2;(5, 20, 10, 4, 282011);כי תקרב אל עיר להלחם עליה וקראת אליה לשלום
(25933, -51, 4);[100, 10, 200, 100];410;קירק;6917;(1, 21, 14, 3, 6917);בבקר;3;(1, 21, 14, 13, 25933);וישכם אברהם בבקר ויקח לחם וחמת מים ויתן אל הגר שם על שכמה ואת הילד וישלחה ותלך ותתע במדבר באר שבע
(52067, -49, 4);[100, 10, 200, 100];410;קירק;13873;(1, 35, 27, 2, 13873);יעקב;3;(1, 35, 27, 7, 52067);ויבא יעקב אל יצחק אביו ממרא קרית הארבע הוא חברון אשר גר שם אברהם ויצחק
(170705, -49, 4);[100, 10, 200, 100];410;קירק;45162;(3, 19, 12, 4, 45162);לשקר;3;(3, 19, 12, 15, 170705);ולא תשבעו בשמי לשקר וחללת את שם אלהיך אני יהוה
(234872, -49, 4);[100, 10, 200, 100];410;קירק;61877;(4, 27, 18, 5, 61877);קח;1;(4, 27, 18, 15, 234872);ויאמר יהוה אל משה קח לך את יהושע בן נון איש אשר רוח בו וסמכת את ידך עליו
(48178, -48, 4);[100, 10, 200, 100];410;קירק;12838;(1, 32, 33, 21, 12838);יעקב;3;(1, 32, 33, 62, 48178);על כן לא יאכלו בני ישראל את גיד הנשה אשר על כף הירך עד היום הזה כי נגע בכף ירך יעקב בגיד הנשה
(151987, -48, 4);[100, 10, 200, 100];410;קירק;40100;(3, 8, 23, 2, 40100);ויקח;3;(3, 8, 23, 8, 151987);וישחט ויקח משה מדמו ויתן על תנוך אזן אהרן הימנית ועל בהן ידו הימנית ועל בהן רגלו הימנית
(225949, -46, 4);[100, 10, 200, 100];410;קירק;59584;(4, 22, 13, 3, 59584);בבקר;3;(4, 22, 13, 11, 225949);ויקם בלעם בבקר ויאמר אל שרי בלק לכו אל ארצכם כי מאן יהוה לתתי להלך עמכם
(272019, -46, 4);[100, 10, 200, 100];410;קירק;71344;(5, 12, 23, 1, 71344);רק;2;(5, 12, 23, 2, 272019);רק חזק לבלתי אכל הדם כי הדם הוא הנפש ולא תאכל הנפש עם הבשר
(179052, -43, 4);[100, 10, 200, 100];410;קירק;47378;(3, 24, 11, 7, 47378);ויקלל;3;(3, 24, 11, 26, 179052);ויקב בן האשה הישראלית את השם ויקלל ויביאו אתו אל משה ושם אמו שלמית בת דברי למטה דן
(173757, -42, 4);[100, 10, 200, 100];410;קירק;45985;(3, 21, 7, 5, 45985);יקחו;2;(3, 21, 7, 15, 173757);אשה זנה וחללה לא יקחו ואשה גרושה מאישה לא יקחו כי קדש הוא לאלהיו
(281317, -38, 4);[100, 10, 200, 100];410;קירק;73825;(5, 19, 18, 8, 73825);שקר;2;(5, 19, 18, 29, 281317);ודרשו השפטים היטב והנה עד שקר העד שקר ענה באחיו
(151353, -34, 4);[100, 10, 200, 100];410;קירק;39930;(3, 8, 11, 17, 39930);לקדשם;2;(3, 8, 11, 58, 151353);ויז ממנו על המזבח שבע פעמים וימשח את המזבח ואת כל כליו ואת הכיר ואת כנו לקדשם
(184475, -32, 4);[100, 10, 200, 100];410;קירק;48766;(3, 26, 43, 18, 48766);חקתי;2;(3, 26, 43, 68, 184475);והארץ תעזב מהם ותרץ את שבתתיה בהשמה מהם והם ירצו את עונם יען וביען במשפטי מאסו ואת חקתי געלה נפשם
(38330, -31, 4);[100, 10, 200, 100];410;קירק;10187;(1, 27, 42, 2, 10187);לרבקה;4;(1, 27, 42, 8, 38330);ויגד לרבקה את דברי עשו בנה הגדל ותשלח ותקרא ליעקב בנה הקטן ותאמר אליו הנה עשו אחיך מתנחם לך להרגך
(131762, -31, 4);[100, 10, 200, 100];410;קירק;34795;(2, 35, 19, 8, 34795);הקדש;2;(2, 35, 19, 26, 131762);את בגדי השרד לשרת בקדש את בגדי הקדש לאהרן הכהן ואת בגדי בניו לכהן
(20851, -29, 4);[100, 10, 200, 100];410;קירק;5577;(1, 18, 8, 5, 5577);הבקר;3;(1, 18, 8, 18, 20851);ויקח חמאה וחלב ובן הבקר אשר עשה ויתן לפניהם והוא עמד עליהם תחת העץ ויאכלו
(37952, -29, 4);[100, 10, 200, 100];410;קירק;10086;(1, 27, 36, 6, 10086);ויעקבני;4;(1, 27, 36, 22, 37952);ויאמר הכי קרא שמו יעקב ויעקבני זה פעמים את בכרתי לקח והנה עתה לקח ברכתי ויאמר הלא אצלת לי ברכה
(42340, -27, 4);[100, 10, 200, 100];410;קירק;11287;(1, 30, 19, 7, 11287);ליעקב;4;(1, 30, 19, 23, 42340);ותהר עוד לאה ותלד בן ששי ליעקב
(215741, -26, 4);[100, 10, 200, 100];410;קירק;56868;(4, 16, 9, 10, 56868);להקריב;3;(4, 16, 9, 39, 215741);המעט מכם כי הבדיל אלהי ישראל אתכם מעדת ישראל להקריב אתכם אליו לעבד את עבדת משכן יהוה ולעמד לפני העדה לשרתם
(20836, -24, 4);[100, 10, 200, 100];410;קירק;5573;(1, 18, 8, 1, 5573);ויקח;3;(1, 18, 8, 3, 20836);ויקח חמאה וחלב ובן הבקר אשר עשה ויתן לפניהם והוא עמד עליהם תחת העץ ויאכלו
(16377, -21, 4);[100, 10, 200, 100];410;קירק;4391;(1, 14, 7, 7, 4391);קדש;1;(1, 14, 7, 23, 16377);וישבו ויבאו אל עין משפט הוא קדש ויכו את כל שדה העמלקי וגם את האמרי הישב בחצצן תמר
(196705, -19, 4);[100, 10, 200, 100];410;קירק;51862;(4, 5, 27, 1, 51862);והשקה;4;(4, 5, 27, 4, 196705);והשקה את המים והיתה אם נטמאה ותמעל מעל באישה ובאו בה המים המאררים למרים וצבתה בטנה ונפלה ירכה והיתה האשה לאלה בקרב עמה
(113832, -18, 4);[100, 10, 200, 100];410;קירק;30126;(2, 25, 12, 1, 30126);ויצקת;4;(2, 25, 12, 4, 113832);ויצקת לו ארבע טבעת זהב ונתתה על ארבע פעמתיו ושתי טבעת על צלעו האחת ושתי טבעת על צלעו השנית
(129501, -16, 4);[100, 10, 200, 100];410;קירק;34185;(2, 34, 9, 11, 34185);בקרבנו;2;(2, 34, 9, 37, 129501);ויאמר אם נא מצאתי חן בעיניך אדני ילך נא אדני בקרבנו כי עם קשה ערף הוא וסלחת לעוננו ולחטאתנו ונחלתנו
(282287, -10, 4);[100, 10, 200, 100];410;קירק;74084;(5, 20, 16, 1, 74084);רק;2;(5, 20, 16, 2, 282287);רק מערי העמים האלה אשר יהוה אלהיך נתן לך נחלה לא תחיה כל נשמה
(112833, -4, 4);[100, 10, 200, 100];410;קירק;29870;(2, 24, 7, 4, 29870);ויקרא;3;(2, 24, 7, 15, 112833);ויקח ספר הברית ויקרא באזני העם ויאמרו כל אשר דבר יהוה נעשה ונשמע
(267953, -100, 4);[90, 200, 30, 10];330;צרלי;70312;(5, 10, 11, 12, 70312);הארץ;4;(5, 10, 11, 45, 267953);ויאמר יהוה אלי קום לך למסע לפני העם ויבאו ויירשו את הארץ אשר נשבעתי לאבתם לתת להם
(61561, -98, 4);[90, 200, 30, 10];330;צרלי;16338;(1, 41, 30, 10, 16338);מצרים;2;(1, 41, 30, 36, 61561);וקמו שבע שני רעב אחריהן ונשכח כל השבע בארץ מצרים וכלה הרעב את הארץ
(73630, -98, 4);[90, 200, 30, 10];330;צרלי;19458;(1, 47, 28, 4, 19458);מצרים;2;(1, 47, 28, 14, 73630);ויחי יעקב בארץ מצרים שבע עשרה שנה ויהי ימי יעקב שני חייו שבע שנים וארבעים ומאת שנה
(209400, -98, 4);[90, 200, 30, 10];330;צרלי;55186;(4, 12, 15, 3, 55186);מחוץ;4;(4, 12, 15, 13, 209400);ותסגר מרים מחוץ למחנה שבעת ימים והעם לא נסע עד האסף מרים
(259018, -97, 4);[90, 200, 30, 10];330;צרלי;68034;(5, 4, 42, 5, 68034);ירצח;3;(5, 4, 42, 16, 259018);לנס שמה רוצח אשר ירצח את רעהו בבלי דעת והוא לא שנא לו מתמל שלשם ונס אל אחת מן הערים האל וחי
(157298, -95, 4);[90, 200, 30, 10];330;צרלי;41518;(3, 11, 43, 2, 41518);תשקצו;4;(3, 11, 43, 6, 157298);אל תשקצו את נפשתיכם בכל השרץ השרץ ולא תטמאו בהם ונטמתם בם
(178608, -94, 4);[90, 200, 30, 10];330;צרלי;47268;(3, 24, 3, 1, 47268);מחוץ;4;(3, 24, 3, 4, 178608);מחוץ לפרכת העדת באהל מועד יערך אתו אהרן מערב עד בקר לפני יהוה תמיד חקת עולם לדרתיכם
(70063, -92, 4);[90, 200, 30, 10];330;צרלי;18537;(1, 45, 25, 2, 18537);ממצרים;3;(1, 45, 25, 8, 70063);ויעלו ממצרים ויבאו ארץ כנען אל יעקב אביהם
(280011, -92, 4);[90, 200, 30, 10];330;צרלי;73462;(5, 18, 18, 15, 73462);אצונו;2;(5, 18, 18, 55, 280011);נביא אקים להם מקרב אחיהם כמוך ונתתי דברי בפיו ודבר אליהם את כל אשר אצונו
(9884, -91, 4);[90, 200, 30, 10];330;צרלי;2650;(1, 8, 16, 1, 2650);צא;1;(1, 8, 16, 1, 9884);צא מן התבה אתה ואשתך ובניך ונשי בניך אתך
(186550, -91, 4);[90, 200, 30, 10];330;צרלי;49318;(4, 1, 3, 11, 49318);לצבאתם;2;(4, 1, 3, 40, 186550);מבן עשרים שנה ומעלה כל יצא צבא בישראל תפקדו אתם לצבאתם אתה ואהרן
(263187, -91, 4);[90, 200, 30, 10];330;צרלי;69100;(5, 7, 11, 3, 69100);המצוה;3;(5, 7, 11, 10, 263187);ושמרת את המצוה ואת החקים ואת המשפטים אשר אנכי מצוך היום לעשותם
(261056, -90, 4);[90, 200, 30, 10];330;צרלי;68576;(5, 5, 28, 9, 68576);המצוה;3;(5, 5, 28, 30, 261056);ואתה פה עמד עמדי ואדברה אליך את כל המצוה והחקים והמשפטים אשר תלמדם ועשו בארץ אשר אנכי נתן להם לרשתה
(24342, -89, 4);[90, 200, 30, 10];330;צרלי;6482;(1, 20, 1, 4, 6482);ארצה;3;(1, 20, 1, 15, 24342);ויסע משם אברהם ארצה הנגב וישב בין קדש ובין שור ויגר בגרר
(96314, -89, 4);[90, 200, 30, 10];330;צרלי;25411;(2, 12, 41, 2, 25411);מקץ;3;(2, 12, 41, 7, 96314);ויהי מקץ שלשים שנה וארבע מאות שנה ויהי בעצם היום הזה יצאו כל צבאות יהוה מארץ מצרים
(187123, -89, 4);[90, 200, 30, 10];330;צרלי;49453;(4, 1, 20, 21, 49453);צבא;1;(4, 1, 20, 85, 187123);ויהיו בני ראובן בכר ישראל תולדתם למשפחתם לבית אבתם במספר שמות לגלגלתם כל זכר מבן עשרים שנה ומעלה כל יצא צבא
(197942, -89, 4);[90, 200, 30, 10];330;צרלי;52196;(4, 6, 19, 9, 52196);מצה;2;(4, 6, 19, 30, 197942);ולקח הכהן את הזרע בשלה מן האיל וחלת מצה אחת מן הסל ורקיק מצה אחד ונתן על כפי הנזיר אחר התגלחו את נזרו
(46740, -87, 4);[90, 200, 30, 10];330;צרלי;12457;(1, 32, 6, 11, 12457);למצא;3;(1, 32, 6, 45, 46740);ויהי לי שור וחמור צאן ועבד ושפחה ואשלחה להגיד לאדני למצא חן בעיניך
(116857, -86, 4);[90, 200, 30, 10];330;צרלי;30866;(2, 26, 32, 7, 30866);מצפים;2;(2, 26, 32, 26, 116857);ונתתה אתה על ארבעה עמודי שטים מצפים זהב וויהם זהב על ארבעה אדני כסף
(239464, -86, 4);[90, 200, 30, 10];330;צרלי;63011;(4, 31, 3, 6, 63011);החלצו;4;(4, 31, 3, 21, 239464);וידבר משה אל העם לאמר החלצו מאתכם אנשים לצבא ויהיו על מדין לתת נקמת יהוה במדין
(40338, -85, 4);[90, 200, 30, 10];330;צרלי;10734;(1, 29, 10, 26, 10734);צאן;1;(1, 29, 10, 80, 40338);ויהי כאשר ראה יעקב את רחל בת לבן אחי אמו ואת צאן לבן אחי אמו ויגש יעקב ויגל את האבן מעל פי הבאר וישק את צאן לבן אחי אמו
(62158, -85, 4);[90, 200, 30, 10];330;צרלי;16500;(1, 41, 42, 20, 16500);צוארו;1;(1, 41, 42, 64, 62158);ויסר פרעה את טבעתו מעל ידו ויתן אתה על יד יוסף וילבש אתו בגדי שש וישם רבד הזהב על צוארו
(415, -84, 4);[90, 200, 30, 10];330;צרלי;107;(1, 1, 10, 4, 107);ארץ;3;(1, 1, 10, 18, 415);ויקרא אלהים ליבשה ארץ ולמקוה המים קרא ימים וירא אלהים כי טוב
(5272, -83, 4);[90, 200, 30, 10];330;צרלי;1405;(1, 4, 23, 15, 1405);לפצעי;3;(1, 4, 23, 57, 5272);ויאמר למך לנשיו עדה וצלה שמען קולי נשי למך האזנה אמרתי כי איש הרגתי לפצעי וילד לחברתי
(10329, -83, 4);[90, 200, 30, 10];330;צרלי;2773;(1, 9, 1, 13, 2773);הארץ;4;(1, 9, 1, 47, 10329);ויברך אלהים את נח ואת בניו ויאמר להם פרו ורבו ומלאו את הארץ
(30958, -83, 4);[90, 200, 30, 10];330;צרלי;8272;(1, 24, 31, 7, 8272);בחוץ;4;(1, 24, 31, 27, 30958);ויאמר בוא ברוך יהוה למה תעמד בחוץ ואנכי פניתי הבית ומקום לגמלים
(126459, -83, 4);[90, 200, 30, 10];330;צרלי;33348;(2, 32, 13, 3, 33348);ליצחק;3;(2, 32, 13, 12, 126459);זכר לאברהם ליצחק ולישראל עבדיך אשר נשבעת להם בך ותדבר אלהם ארבה את זרעכם ככוכבי השמים וכל הארץ הזאת אשר אמרתי אתן לזרעכם ונחלו לעלם
(70576, -82, 4);[90, 200, 30, 10];330;צרלי;18671;(1, 46, 6, 8, 18671);בארץ;4;(1, 46, 6, 32, 70576);ויקחו את מקניהם ואת רכושם אשר רכשו בארץ כנען ויבאו מצרימה יעקב וכל זרעו אתו
(186349, -82, 4);[90, 200, 30, 10];330;צרלי;49265;(3, 27, 34, 2, 49265);המצות;3;(3, 27, 34, 6, 186349);אלה המצות אשר צוה יהוה את משה אל בני ישראל בהר סיני
(297265, -82, 4);[90, 200, 30, 10];330;צרלי;78022;(5, 30, 3, 12, 78022);הפיצך;4;(5, 30, 3, 47, 297265);ושב יהוה אלהיך את שבותך ורחמך ושב וקבצך מכל העמים אשר הפיצך יהוה אלהיך שמה
(25559, -81, 4);[90, 200, 30, 10];330;צרלי;6814;(1, 21, 5, 8, 6814);יצחק;2;(1, 21, 5, 25, 25559);ואברהם בן מאת שנה בהולד לו את יצחק בנו
(95984, -81, 4);[90, 200, 30, 10];330;צרלי;25326;(2, 12, 34, 6, 25326);יחמץ;4;(2, 12, 34, 20, 95984);וישא העם את בצקו טרם יחמץ משארתם צררת בשמלתם על שכמם
(185902, -81, 4);[90, 200, 30, 10];330;צרלי;49142;(3, 27, 24, 11, 49142);הארץ;4;(3, 27, 24, 43, 185902);בשנת היובל ישוב השדה לאשר קנהו מאתו לאשר לו אחזת הארץ
(97890, -79, 4);[90, 200, 30, 10];330;צרלי;25836;(2, 13, 19, 20, 25836);עצמתי;2;(2, 13, 19, 73, 97890);ויקח משה את עצמות יוסף עמו כי השבע השביע את בני ישראל לאמר פקד יפקד אלהים אתכם והעליתם את עצמתי מזה אתכם
(29679, -78, 4);[90, 200, 30, 10];330;צרלי;7928;(1, 24, 7, 8, 7928);ומארץ;5;(1, 24, 7, 33, 29679);יהוה אלהי השמים אשר לקחני מבית אבי ומארץ מולדתי ואשר דבר לי ואשר נשבע לי לאמר לזרעך אתן את הארץ הזאת הוא ישלח מלאכו לפניך ולקחת אשה לבני משם
(257672, -78, 4);[90, 200, 30, 10];330;צרלי;67690;(5, 4, 21, 14, 67690);הארץ;4;(5, 4, 21, 55, 257672);ויהוה התאנף בי על דבריכם וישבע לבלתי עברי את הירדן ולבלתי בא אל הארץ הטובה אשר יהוה אלהיך נתן לך נחלה
(86484, -77, 4);[90, 200, 30, 10];330;צרלי;22802;(2, 7, 3, 12, 22802);מצרים;2;(2, 7, 3, 43, 86484);ואני אקשה את לב פרעה והרביתי את אתתי ואת מופתי בארץ מצרים
(91114, -77, 4);[90, 200, 30, 10];330;צרלי;24018;(2, 9, 27, 11, 24018);הצדיק;2;(2, 9, 27, 48, 91114);וישלח פרעה ויקרא למשה ולאהרן ויאמר אלהם חטאתי הפעם יהוה הצדיק ואני ועמי הרשעים
(186530, -77, 4);[90, 200, 30, 10];330;צרלי;49313;(4, 1, 3, 6, 49313);יצא;2;(4, 1, 3, 20, 186530);מבן עשרים שנה ומעלה כל יצא צבא בישראל תפקדו אתם לצבאתם אתה ואהרן
(96191, -76, 4);[90, 200, 30, 10];330;צרלי;25379;(2, 12, 39, 3, 25379);הבצק;3;(2, 12, 39, 10, 96191);ויאפו את הבצק אשר הוציאו ממצרים עגת מצות כי לא חמץ כי גרשו ממצרים ולא יכלו להתמהמה וגם צדה לא עשו להם
(133854, -76, 4);[90, 200, 30, 10];330;צרלי;35322;(2, 36, 20, 5, 35322);עצי;2;(2, 36, 20, 19, 133854);ויעש את הקרשים למשכן עצי שטים עמדים
(174748, -74, 4);[90, 200, 30, 10];330;צרלי;46271;(3, 22, 4, 6, 46271);צרוע;1;(3, 22, 4, 19, 174748);איש איש מזרע אהרן והוא צרוע או זב בקדשים לא יאכל עד אשר יטהר והנגע בכל טמא נפש או איש אשר תצא ממנו שכבת זרע
(15730, -73, 4);[90, 200, 30, 10];330;צרלי;4218;(1, 13, 12, 3, 4218);בארץ;4;(1, 13, 12, 11, 15730);אברם ישב בארץ כנען ולוט ישב בערי הככר ויאהל עד סדם
(36601, -73, 4);[90, 200, 30, 10];330;צרלי;9724;(1, 27, 8, 7, 9724);מצוה;2;(1, 27, 8, 23, 36601);ועתה בני שמע בקלי לאשר אני מצוה אתך
(45783, -72, 4);[90, 200, 30, 10];330;צרלי;12206;(1, 31, 42, 7, 12206);יצחק;2;(1, 31, 42, 26, 45783);לולי אלהי אבי אלהי אברהם ופחד יצחק היה לי כי עתה ריקם שלחתני את עניי ואת יגיע כפי ראה אלהים ויוכח אמש
(113807, -72, 4);[90, 200, 30, 10];330;צרלי;30120;(2, 25, 11, 7, 30120);תצפנו;2;(2, 25, 11, 26, 113807);וצפית אתו זהב טהור מבית ומחוץ תצפנו ועשית עליו זר זהב סביב
(303679, -71, 4);[90, 200, 30, 10];330;צרלי;79678;(5, 33, 19, 7, 79678);צדק;1;(5, 33, 19, 23, 303679);עמים הר יקראו שם יזבחו זבחי צדק כי שפע ימים יינקו ושפני טמוני חול
(7426, -70, 4);[90, 200, 30, 10];330;צרלי;1986;(1, 6, 13, 11, 1986);הארץ;4;(1, 6, 13, 36, 7426);ויאמר אלהים לנח קץ כל בשר בא לפני כי מלאה הארץ חמס מפניהם והנני משחיתם את הארץ
(11186, -70, 4);[90, 200, 30, 10];330;צרלי;3011;(1, 9, 19, 6, 3011);נפצה;3;(1, 9, 19, 20, 11186);שלשה אלה בני נח ומאלה נפצה כל הארץ
(294161, -70, 4);[90, 200, 30, 10];330;צרלי;77225;(5, 28, 52, 15, 77225);ארצך;3;(5, 28, 52, 54, 294161);והצר לך בכל שעריך עד רדת חמתיך הגבהת והבצרות אשר אתה בטח בהן בכל ארצך והצר לך בכל שעריך בכל ארצך אשר נתן יהוה אלהיך לך
(21622, -69, 4);[90, 200, 30, 10];330;צרלי;5776;(1, 18, 24, 14, 5776);הצדיקם;2;(1, 18, 24, 53, 21622);אולי יש חמשים צדיקם בתוך העיר האף תספה ולא תשא למקום למען חמשים הצדיקם אשר בקרבה
(178493, -69, 4);[90, 200, 30, 10];330;צרלי;47237;(3, 23, 43, 13, 47237);מצרים;2;(3, 23, 43, 54, 178493);למען ידעו דרתיכם כי בסכות הושבתי את בני ישראל בהוציאי אותם מארץ מצרים אני יהוה אלהיכם
(20038, -67, 4);[90, 200, 30, 10];330;צרלי;5366;(1, 17, 19, 12, 5366);יצחק;2;(1, 17, 19, 40, 20038);ויאמר אלהים אבל שרה אשתך ילדת לך בן וקראת את שמו יצחק והקמתי את בריתי אתו לברית עולם לזרעו אחריו
(10049, -66, 4);[90, 200, 30, 10];330;צרלי;2696;(1, 8, 19, 10, 2696);הארץ;4;(1, 8, 19, 31, 10049);כל החיה כל הרמש וכל העוף כל רומש על הארץ למשפחתיהם יצאו מן התבה
(161570, -66, 4);[90, 200, 30, 10];330;צרלי;42686;(3, 14, 7, 11, 42686);הצפר;2;(3, 14, 7, 39, 161570);והזה על המטהר מן הצרעת שבע פעמים וטהרו ושלח את הצפר החיה על פני השדה
(214734, -66, 4);[90, 200, 30, 10];330;צרלי;56604;(4, 15, 31, 6, 56604);מצותו;2;(4, 15, 31, 17, 214734);כי דבר יהוה בזה ואת מצותו הפר הכרת תכרת הנפש ההוא עונה בה
(303419, -66, 4);[90, 200, 30, 10];330;צרלי;79615;(5, 33, 13, 5, 79615);ארצו;3;(5, 33, 13, 21, 303419);וליוסף אמר מברכת יהוה ארצו ממגד שמים מטל ומתהום רבצת תחת
(73166, -65, 4);[90, 200, 30, 10];330;צרלי;19340;(1, 47, 20, 10, 19340);מצרים;2;(1, 47, 20, 34, 73166);ויקן יוסף את כל אדמת מצרים לפרעה כי מכרו מצרים איש שדהו כי חזק עלהם הרעב ותהי הארץ לפרעה
(43570, -64, 4);[90, 200, 30, 10];330;צרלי;11608;(1, 30, 43, 1, 11608);ויפרץ;5;(1, 30, 43, 5, 43570);ויפרץ האיש מאד מאד ויהי לו צאן רבות ושפחות ועבדים וגמלים וחמרים
(194278, -64, 4);[90, 200, 30, 10];330;צרלי;51232;(4, 4, 30, 12, 51232);לצבא;2;(4, 4, 30, 41, 194278);מבן שלשים שנה ומעלה ועד בן חמשים שנה תפקדם כל הבא לצבא לעבד את עבדת אהל מועד
(114382, -63, 4);[90, 200, 30, 10];330;צרלי;30271;(2, 25, 23, 3, 30271);עצי;2;(2, 25, 23, 11, 114382);ועשית שלחן עצי שטים אמתים ארכו ואמה רחבו ואמה וחצי קמתו
(57147, -62, 4);[90, 200, 30, 10];330;צרלי;15195;(1, 38, 23, 14, 15195);מצאתה;2;(1, 38, 23, 48, 57147);ויאמר יהודה תקח לה פן נהיה לבוז הנה שלחתי הגדי הזה ואתה לא מצאתה
(82140, -62, 4);[90, 200, 30, 10];330;צרלי;21661;(2, 4, 6, 12, 21661);ויוצאה;4;(2, 4, 6, 43, 82140);ויאמר יהוה לו עוד הבא נא ידך בחיקך ויבא ידו בחיקו ויוצאה והנה ידו מצרעת כשלג
(104627, -62, 4);[90, 200, 30, 10];330;צרלי;27600;(2, 18, 10, 13, 27600);הציל;2;(2, 18, 10, 49, 104627);ויאמר יתרו ברוך יהוה אשר הציל אתכם מיד מצרים ומיד פרעה אשר הציל את העם מתחת יד מצרים
(141690, -62, 4);[90, 200, 30, 10];330;צרלי;37352;(3, 1, 2, 18, 37352);הצאן;2;(3, 1, 2, 62, 141690);דבר אל בני ישראל ואמרת אלהם אדם כי יקריב מכם קרבן ליהוה מן הבהמה מן הבקר ומן הצאן תקריבו את קרבנכם
(72661, -61, 4);[90, 200, 30, 10];330;צרלי;19213;(1, 47, 14, 8, 19213);מצרים;2;(1, 47, 14, 28, 72661);וילקט יוסף את כל הכסף הנמצא בארץ מצרים ובארץ כנען בשבר אשר הם שברים ויבא יוסף את הכסף ביתה פרעה
(142449, -61, 4);[90, 200, 30, 10];330;צרלי;37552;(3, 1, 16, 7, 37552);אצל;2;(3, 1, 16, 28, 142449);והסיר את מראתו בנצתה והשליך אתה אצל המזבח קדמה אל מקום הדשן
(69268, -60, 4);[90, 200, 30, 10];330;צרלי;18330;(1, 45, 9, 15, 18330);מצרים;2;(1, 45, 9, 54, 69268);מהרו ועלו אל אבי ואמרתם אליו כה אמר בנך יוסף שמני אלהים לאדון לכל מצרים רדה אלי אל תעמד
(117039, -60, 4);[90, 200, 30, 10];330;צרלי;30912;(2, 26, 35, 11, 30912);צלע;1;(2, 26, 35, 39, 117039);ושמת את השלחן מחוץ לפרכת ואת המנרה נכח השלחן על צלע המשכן תימנה והשלחן תתן על צלע צפון
(129120, -60, 4);[90, 200, 30, 10];330;צרלי;34078;(2, 34, 2, 9, 34078);ונצבת;3;(2, 34, 2, 32, 129120);והיה נכון לבקר ועלית בבקר אל הר סיני ונצבת לי שם על ראש ההר
(211296, -60, 4);[90, 200, 30, 10];330;צרלי;55695;(4, 14, 8, 2, 55695);חפץ;3;(4, 14, 8, 5, 211296);אם חפץ בנו יהוה והביא אתנו אל הארץ הזאת ונתנה לנו ארץ אשר הוא זבת חלב ודבש
(255172, -60, 4);[90, 200, 30, 10];330;צרלי;67045;(5, 3, 12, 2, 67045);הארץ;4;(5, 3, 12, 7, 255172);ואת הארץ הזאת ירשנו בעת ההוא מערער אשר על נחל ארנן וחצי הר הגלעד ועריו נתתי לראובני ולגדי
(33323, -59, 4);[90, 200, 30, 10];330;צרלי;8884;(1, 25, 11, 8, 8884);יצחק;2;(1, 25, 11, 30, 33323);ויהי אחרי מות אברהם ויברך אלהים את יצחק בנו וישב יצחק עם באר לחי ראי
(244160, -59, 4);[90, 200, 30, 10];330;צרלי;64228;(4, 33, 1, 6, 64228);יצאו;2;(4, 33, 1, 20, 244160);אלה מסעי בני ישראל אשר יצאו מארץ מצרים לצבאתם ביד משה ואהרן
(261851, -59, 4);[90, 200, 30, 10];330;צרלי;68772;(5, 6, 12, 9, 68772);מארץ;4;(5, 6, 12, 31, 261851);השמר לך פן תשכח את יהוה אשר הוציאך מארץ מצרים מבית עבדים
(129879, -58, 4);[90, 200, 30, 10];330;צרלי;34286;(2, 34, 15, 5, 34286);הארץ;4;(2, 34, 15, 19, 129879);פן תכרת ברית ליושב הארץ וזנו אחרי אלהיהם וזבחו לאלהיהם וקרא לך ואכלת מזבחו
(176402, -58, 4);[90, 200, 30, 10];330;צרלי;46720;(3, 23, 6, 7, 46720);המצות;3;(3, 23, 6, 24, 176402);ובחמשה עשר יום לחדש הזה חג המצות ליהוה שבעת ימים מצות תאכלו
(181453, -58, 4);[90, 200, 30, 10];330;צרלי;48019;(3, 25, 38, 12, 48019);ארץ;3;(3, 25, 38, 46, 181453);אני יהוה אלהיכם אשר הוצאתי אתכם מארץ מצרים לתת לכם את ארץ כנען להיות לכם לאלהים
(243666, -58, 4);[90, 200, 30, 10];330;צרלי;64095;(4, 32, 32, 6, 64095);ארץ;3;(4, 32, 32, 25, 243666);נחנו נעבר חלוצים לפני יהוה ארץ כנען ואתנו אחזת נחלתנו מעבר לירדן
(1469, -57, 4);[90, 200, 30, 10];330;צרלי;371;(1, 1, 28, 22, 371);הארץ;4;(1, 1, 28, 88, 1469);ויברך אתם אלהים ויאמר להם אלהים פרו ורבו ומלאו את הארץ וכבשה ורדו בדגת הים ובעוף השמים ובכל חיה הרמשת על הארץ
(46710, -57, 4);[90, 200, 30, 10];330;צרלי;12451;(1, 32, 6, 5, 12451);צאן;1;(1, 32, 6, 15, 46710);ויהי לי שור וחמור צאן ועבד ושפחה ואשלחה להגיד לאדני למצא חן בעיניך
(95036, -57, 4);[90, 200, 30, 10];330;צרלי;25075;(2, 12, 18, 8, 25075);מצת;2;(2, 12, 18, 32, 95036);בראשן בארבעה עשר יום לחדש בערב תאכלו מצת עד יום האחד ועשרים לחדש בערב
(203586, -57, 4);[90, 200, 30, 10];330;צרלי;53673;(4, 8, 22, 15, 53673);צוה;1;(4, 8, 22, 56, 203586);ואחרי כן באו הלוים לעבד את עבדתם באהל מועד לפני אהרן ולפני בניו כאשר צוה יהוה את משה על הלוים כן עשו להם
(215294, -57, 4);[90, 200, 30, 10];330;צרלי;56746;(4, 16, 1, 4, 56746);יצהר;2;(4, 16, 1, 11, 215294);ויקח קרח בן יצהר בן קהת בן לוי ודתן ואבירם בני אליאב ואון בן פלת בני ראובן
(240047, -57, 4);[90, 200, 30, 10];330;צרלי;63167;(4, 31, 14, 1, 63167);ויקצף;4;(4, 31, 14, 4, 240047);ויקצף משה על פקודי החיל שרי האלפים ושרי המאות הבאים מצבא המלחמה
(66925, -56, 4);[90, 200, 30, 10];330;צרלי;17720;(1, 43, 33, 5, 17720);והצעיר;3;(1, 43, 33, 23, 66925);וישבו לפניו הבכר כבכרתו והצעיר כצערתו ויתמהו האנשים איש אל רעהו
(31147, -55, 4);[90, 200, 30, 10];330;צרלי;8318;(1, 24, 35, 9, 8318);צאן;1;(1, 24, 35, 29, 31147);ויהוה ברך את אדני מאד ויגדל ויתן לו צאן ובקר וכסף וזהב ועבדם ושפחת וגמלים וחמרים
(77052, -55, 4);[90, 200, 30, 10];330;צרלי;20346;(1, 50, 8, 9, 20346);וצאנם;2;(1, 50, 8, 30, 77052);וכל בית יוסף ואחיו ובית אביו רק טפם וצאנם ובקרם עזבו בארץ גשן
(292450, -55, 4);[90, 200, 30, 10];330;צרלי;76784;(5, 28, 19, 6, 76784);בצאתך;2;(5, 28, 19, 21, 292450);ארור אתה בבאך וארור אתה בצאתך
(93064, -54, 4);[90, 200, 30, 10];330;צרלי;24548;(2, 10, 24, 13, 24548);יצג;2;(2, 10, 24, 47, 93064);ויקרא פרעה אל משה ויאמר לכו עבדו את יהוה רק צאנכם ובקרכם יצג גם טפכם ילך עמכם
(51561, -53, 4);[90, 200, 30, 10];330;צרלי;13739;(1, 35, 14, 13, 13739);ויצק;3;(1, 35, 14, 47, 51561);ויצב יעקב מצבה במקום אשר דבר אתו מצבת אבן ויסך עליה נסך ויצק עליה שמן
(62218, -53, 4);[90, 200, 30, 10];330;צרלי;16515;(1, 41, 43, 15, 16515);מצרים;2;(1, 41, 43, 56, 62218);וירכב אתו במרכבת המשנה אשר לו ויקראו לפניו אברך ונתון אתו על כל ארץ מצרים
(182302, -53, 4);[90, 200, 30, 10];330;צרלי;48241;(3, 26, 1, 6, 48241);ומצבה;3;(3, 26, 1, 21, 182302);לא תעשו לכם אלילם ופסל ומצבה לא תקימו לכם ואבן משכית לא תתנו בארצכם להשתחות עליה כי אני יהוה אלהיכם
(276445, -53, 4);[90, 200, 30, 10];330;צרלי;72512;(5, 15, 22, 6, 72512);כצבי;2;(5, 15, 22, 28, 276445);בשעריך תאכלנו הטמא והטהור יחדו כצבי וכאיל
(210394, -52, 4);[90, 200, 30, 10];330;צרלי;55452;(4, 13, 25, 3, 55452);הארץ;4;(4, 13, 25, 13, 210394);וישבו מתור הארץ מקץ ארבעים יום
(187534, -51, 4);[90, 200, 30, 10];330;צרלי;49550;(4, 1, 28, 15, 49550);צבא;1;(4, 1, 28, 60, 187534);לבני יששכר תולדתם למשפחתם לבית אבתם במספר שמת מבן עשרים שנה ומעלה כל יצא צבא
(207689, -51, 4);[90, 200, 30, 10];330;צרלי;54731;(4, 11, 18, 19, 54731);במצרים;3;(4, 11, 18, 71, 207689);ואל העם תאמר התקדשו למחר ואכלתם בשר כי בכיתם באזני יהוה לאמר מי יאכלנו בשר כי טוב לנו במצרים ונתן יהוה לכם בשר ואכלתם
(35446, -50, 4);[90, 200, 30, 10];330;צרלי;9428;(1, 26, 20, 6, 9428);יצחק;2;(1, 26, 20, 19, 35446);ויריבו רעי גרר עם רעי יצחק לאמר לנו המים ויקרא שם הבאר עשק כי התעשקו עמו
(145394, -50, 4);[90, 200, 30, 10];330;צרלי;38338;(3, 4, 21, 5, 38338);מחוץ;4;(3, 4, 21, 17, 145394);והוציא את הפר אל מחוץ למחנה ושרף אתו כאשר שרף את הפר הראשון חטאת הקהל הוא
(246515, -50, 4);[90, 200, 30, 10];330;צרלי;64793;(4, 34, 9, 5, 64793);תוצאתיו;3;(4, 34, 9, 20, 246515);ויצא הגבל זפרנה והיו תוצאתיו חצר עינן זה יהיה לכם גבול צפון
(189218, -49, 4);[90, 200, 30, 10];330;צרלי;49960;(4, 2, 10, 9, 49960);אליצור;4;(4, 2, 10, 41, 189218);דגל מחנה ראובן תימנה לצבאתם ונשיא לבני ראובן אליצור בן שדיאור
(257447, -49, 4);[90, 200, 30, 10];330;צרלי;67634;(5, 4, 18, 11, 67634);לארץ;4;(5, 4, 18, 40, 257447);תבנית כל רמש באדמה תבנית כל דגה אשר במים מתחת לארץ
(232467, -48, 4);[90, 200, 30, 10];330;צרלי;61285;(4, 26, 33, 13, 61285);צלפחד;1;(4, 26, 33, 38, 232467);וצלפחד בן חפר לא היו לו בנים כי אם בנות ושם בנות צלפחד מחלה ונעה חגלה מלכה ותרצה
(71442, -47, 4);[90, 200, 30, 10];330;צרלי;18893;(1, 46, 27, 6, 18893);במצרים;3;(1, 46, 27, 19, 71442);ובני יוסף אשר ילד לו במצרים נפש שנים כל הנפש לבית יעקב הבאה מצרימה שבעים
(509, -46, 4);[90, 200, 30, 10];330;צרלי;133;(1, 1, 11, 18, 133);הארץ;4;(1, 1, 11, 63, 509);ויאמר אלהים תדשא הארץ דשא עשב מזריע זרע עץ פרי עשה פרי למינו אשר זרעו בו על הארץ ויהי כן
(88676, -46, 4);[90, 200, 30, 10];330;צרלי;23368;(2, 8, 13, 23, 23368);מצרים;2;(2, 8, 13, 78, 88676);ויעשו כן ויט אהרן את ידו במטהו ויך את עפר הארץ ותהי הכנם באדם ובבהמה כל עפר הארץ היה כנים בכל ארץ מצרים
(129290, -46, 4);[90, 200, 30, 10];330;צרלי;34127;(2, 34, 5, 4, 34127);ויתיצב;5;(2, 34, 5, 17, 129290);וירד יהוה בענן ויתיצב עמו שם ויקרא בשם יהוה
(264968, -46, 4);[90, 200, 30, 10];330;צרלי;69554;(5, 8, 15, 8, 69554);וצמאון;2;(5, 8, 15, 35, 264968);המוליכך במדבר הגדל והנורא נחש שרף ועקרב וצמאון אשר אין מים המוציא לך מים מצור החלמיש
(165035, -45, 4);[90, 200, 30, 10];330;צרלי;43621;(3, 15, 16, 7, 43621);ורחץ;4;(3, 15, 16, 24, 165035);ואיש כי תצא ממנו שכבת זרע ורחץ במים את כל בשרו וטמא עד הערב
(26501, -44, 4);[90, 200, 30, 10];330;צרלי;7073;(1, 21, 23, 18, 7073);הארץ;4;(1, 21, 23, 70, 26501);ועתה השבעה לי באלהים הנה אם תשקר לי ולניני ולנכדי כחסד אשר עשיתי עמך תעשה עמדי ועם הארץ אשר גרתה בה
(104627, -44, 4);[90, 200, 30, 10];330;צרלי;27600;(2, 18, 10, 13, 27600);הציל;2;(2, 18, 10, 49, 104627);ויאמר יתרו ברוך יהוה אשר הציל אתכם מיד מצרים ומיד פרעה אשר הציל את העם מתחת יד מצרים
(248185, -44, 4);[90, 200, 30, 10];330;צרלי;65217;(4, 35, 17, 9, 65217);רצח;2;(4, 35, 17, 28, 248185);ואם באבן יד אשר ימות בה הכהו וימת רצח הוא מות יומת הרצח
(71156, -43, 4);[90, 200, 30, 10];330;צרלי;18813;(1, 46, 20, 4, 18813);מצרים;2;(1, 46, 20, 16, 71156);ויולד ליוסף בארץ מצרים אשר ילדה לו אסנת בת פוטי פרע כהן אן את מנשה ואת אפרים
(229338, -43, 4);[90, 200, 30, 10];330;צרלי;60513;(4, 24, 8, 3, 60513);ממצרים;3;(4, 24, 8, 11, 229338);אל מוציאו ממצרים כתועפת ראם לו יאכל גוים צריו ועצמתיהם יגרם וחציו ימחץ
(304757, -43, 4);[90, 200, 30, 10];330;צרלי;79964;(5, 34, 11, 14, 79964);ארצו;3;(5, 34, 11, 61, 304757);לכל האתת והמופתים אשר שלחו יהוה לעשות בארץ מצרים לפרעה ולכל עבדיו ולכל ארצו
(1901, -42, 4);[90, 200, 30, 10];330;צרלי;491;(1, 2, 5, 11, 491);יצמח;2;(1, 2, 5, 36, 1901);וכל שיח השדה טרם יהיה בארץ וכל עשב השדה טרם יצמח כי לא המטיר יהוה אלהים על הארץ ואדם אין לעבד את האדמה
(48648, -41, 4);[90, 200, 30, 10];330;צרלי;12960;(1, 33, 10, 7, 12960);מצאתי;2;(1, 33, 10, 19, 48648);ויאמר יעקב אל נא אם נא מצאתי חן בעיניך ולקחת מנחתי מידי כי על כן ראיתי פניך כראת פני אלהים ותרצני
(175780, -40, 4);[90, 200, 30, 10];330;צרלי;46557;(3, 22, 24, 8, 46557);ובארצכם;5;(3, 22, 24, 38, 175780);ומעוך וכתות ונתוק וכרות לא תקריבו ליהוה ובארצכם לא תעשו
(209374, -40, 4);[90, 200, 30, 10];330;צרלי;55180;(4, 12, 14, 16, 55180);מחוץ;4;(4, 12, 14, 61, 209374);ויאמר יהוה אל משה ואביה ירק ירק בפניה הלא תכלם שבעת ימים תסגר שבעת ימים מחוץ למחנה ואחר תאסף
(72659, -39, 4);[90, 200, 30, 10];330;צרלי;19212;(1, 47, 14, 7, 19212);בארץ;4;(1, 47, 14, 26, 72659);וילקט יוסף את כל הכסף הנמצא בארץ מצרים ובארץ כנען בשבר אשר הם שברים ויבא יוסף את הכסף ביתה פרעה
(177665, -39, 4);[90, 200, 30, 10];330;צרלי;47033;(3, 23, 29, 7, 47033);בעצם;3;(3, 23, 29, 20, 177665);כי כל הנפש אשר לא תענה בעצם היום הזה ונכרתה מעמיה
(209400, -38, 4);[90, 200, 30, 10];330;צרלי;55186;(4, 12, 15, 3, 55186);מחוץ;4;(4, 12, 15, 13, 209400);ותסגר מרים מחוץ למחנה שבעת ימים והעם לא נסע עד האסף מרים
(151857, -37, 4);[90, 200, 30, 10];330;צרלי;40065;(3, 8, 21, 5, 40065);רחץ;3;(3, 8, 21, 19, 151857);ואת הקרב ואת הכרעים רחץ במים ויקטר משה את כל האיל המזבחה עלה הוא לריח ניחח אשה הוא ליהוה כאשר צוה יהוה את משה
(294076, -36, 4);[90, 200, 30, 10];330;צרלי;77203;(5, 28, 51, 14, 77203);ויצהר;3;(5, 28, 51, 51, 294076);ואכל פרי בהמתך ופרי אדמתך עד השמדך אשר לא ישאיר לך דגן תירוש ויצהר שגר אלפיך ועשתרת צאנך עד האבידו אתך
(17083, -35, 4);[90, 200, 30, 10];330;צרלי;4574;(1, 14, 19, 9, 4574);וארץ;4;(1, 14, 19, 39, 17083);ויברכהו ויאמר ברוך אברם לאל עליון קנה שמים וארץ
(53642, -35, 4);[90, 200, 30, 10];330;צרלי;14293;(1, 36, 33, 8, 14293);מבצרה;3;(1, 36, 33, 29, 53642);וימת בלע וימלך תחתיו יובב בן זרח מבצרה
(88593, -35, 4);[90, 200, 30, 10];330;צרלי;23344;(2, 8, 12, 18, 23344);ארץ;3;(2, 8, 12, 57, 88593);ויאמר יהוה אל משה אמר אל אהרן נטה את מטך והך את עפר הארץ והיה לכנם בכל ארץ מצרים
(13906, -34, 4);[90, 200, 30, 10];330;צרלי;3725;(1, 11, 28, 7, 3725);בארץ;4;(1, 11, 28, 23, 13906);וימת הרן על פני תרח אביו בארץ מולדתו באור כשדים
(166755, -34, 4);[90, 200, 30, 10];330;צרלי;44090;(3, 16, 14, 17, 44090);באצבעו;3;(3, 16, 14, 63, 166755);ולקח מדם הפר והזה באצבעו על פני הכפרת קדמה ולפני הכפרת יזה שבע פעמים מן הדם באצבעו
(186550, -34, 4);[90, 200, 30, 10];330;צרלי;49318;(4, 1, 3, 11, 49318);לצבאתם;2;(4, 1, 3, 40, 186550);מבן עשרים שנה ומעלה כל יצא צבא בישראל תפקדו אתם לצבאתם אתה ואהרן
(287961, -34, 4);[90, 200, 30, 10];330;צרלי;75624;(5, 24, 22, 5, 75624);בארץ;4;(5, 24, 22, 18, 287961);וזכרת כי עבד היית בארץ מצרים על כן אנכי מצוך לעשות את הדבר הזה
(184595, -33, 4);[90, 200, 30, 10];330;צרלי;48795;(3, 26, 45, 9, 48795);מצרים;2;(3, 26, 45, 37, 184595);וזכרתי להם ברית ראשנים אשר הוצאתי אתם מארץ מצרים לעיני הגוים להיות להם לאלהים אני יהוה
(96893, -32, 4);[90, 200, 30, 10];330;צרלי;25574;(2, 13, 3, 11, 25574);ממצרים;3;(2, 13, 3, 37, 96893);ויאמר משה אל העם זכור את היום הזה אשר יצאתם ממצרים מבית עבדים כי בחזק יד הוציא יהוה אתכם מזה ולא יאכל חמץ
(213115, -32, 4);[90, 200, 30, 10];330;צרלי;56181;(4, 14, 41, 12, 56181);תצלח;2;(4, 14, 41, 37, 213115);ויאמר משה למה זה אתם עברים את פי יהוה והוא לא תצלח
(257194, -32, 4);[90, 200, 30, 10];330;צרלי;67569;(5, 4, 14, 2, 67569);צוה;1;(5, 4, 14, 5, 257194);ואתי צוה יהוה בעת ההוא ללמד אתכם חקים ומשפטים לעשתכם אתם בארץ אשר אתם עברים שמה לרשתה
(263666, -32, 4);[90, 200, 30, 10];330;צרלי;69222;(5, 7, 18, 13, 69222);מצרים;2;(5, 7, 18, 44, 263666);לא תירא מהם זכר תזכר את אשר עשה יהוה אלהיך לפרעה ולכל מצרים
(16449, -31, 4);[90, 200, 30, 10];330;צרלי;4411;(1, 14, 8, 9, 4411);צביים;1;(1, 14, 8, 31, 16449);ויצא מלך סדם ומלך עמרה ומלך אדמה ומלך צביים ומלך בלע הוא צער ויערכו אתם מלחמה בעמק השדים
(73782, -31, 4);[90, 200, 30, 10];330;צרלי;19498;(1, 47, 29, 27, 19498);במצרים;3;(1, 47, 29, 100, 73782);ויקרבו ימי ישראל למות ויקרא לבנו ליוסף ויאמר לו אם נא מצאתי חן בעיניך שים נא ידך תחת ירכי ועשית עמדי חסד ואמת אל נא תקברני במצרים
(1100, -30, 4);[90, 200, 30, 10];330;צרלי;279;(1, 1, 22, 13, 279);בארץ;4;(1, 1, 22, 52, 1100);ויברך אתם אלהים לאמר פרו ורבו ומלאו את המים בימים והעוף ירב בארץ
(19444, -30, 4);[90, 200, 30, 10];330;צרלי;5212;(1, 17, 8, 6, 5212);ארץ;3;(1, 17, 8, 23, 19444);ונתתי לך ולזרעך אחריך את ארץ מגריך את כל ארץ כנען לאחזת עולם והייתי להם לאלהים
(25127, -30, 4);[90, 200, 30, 10];330;צרלי;6698;(1, 20, 14, 3, 6698);צאן;1;(1, 20, 14, 11, 25127);ויקח אבימלך צאן ובקר ועבדים ושפחת ויתן לאברהם וישב לו את שרה אשתו
(103397, -30, 4);[90, 200, 30, 10];330;צרלי;27270;(2, 17, 4, 1, 27270);ויצעק;3;(2, 17, 4, 3, 103397);ויצעק משה אל יהוה לאמר מה אעשה לעם הזה עוד מעט וסקלני
(62091, -29, 4);[90, 200, 30, 10];330;צרלי;16480;(1, 41, 41, 11, 16480);מצרים;2;(1, 41, 41, 34, 62091);ויאמר פרעה אל יוסף ראה נתתי אתך על כל ארץ מצרים
(93052, -28, 4);[90, 200, 30, 10];330;צרלי;24546;(2, 10, 24, 11, 24546);צאנכם;1;(2, 10, 24, 35, 93052);ויקרא פרעה אל משה ויאמר לכו עבדו את יהוה רק צאנכם ובקרכם יצג גם טפכם ילך עמכם
(44284, -27, 4);[90, 200, 30, 10];330;צרלי;11798;(1, 31, 13, 22, 11798);ארץ;3;(1, 31, 13, 66, 44284);אנכי האל בית אל אשר משחת שם מצבה אשר נדרת לי שם נדר עתה קום צא מן הארץ הזאת ושוב אל ארץ מולדתך
(112804, -27, 4);[90, 200, 30, 10];330;צרלי;29862;(2, 24, 6, 7, 29862);וחצי;3;(2, 24, 6, 25, 112804);ויקח משה חצי הדם וישם באגנת וחצי הדם זרק על המזבח
(160441, -26, 4);[90, 200, 30, 10];330;צרלי;42362;(3, 13, 46, 11, 42362);מחוץ;4;(3, 13, 46, 34, 160441);כל ימי אשר הנגע בו יטמא טמא הוא בדד ישב מחוץ למחנה מושבו
(205942, -26, 4);[90, 200, 30, 10];330;צרלי;54268;(4, 10, 19, 8, 54268);צורישדי;1;(4, 10, 19, 26, 205942);ועל צבא מטה בני שמעון שלמיאל בן צורישדי
(243589, -26, 4);[90, 200, 30, 10];330;צרלי;64074;(4, 32, 30, 8, 64074);בארץ;4;(4, 32, 30, 35, 243589);ואם לא יעברו חלוצים אתכם ונאחזו בתככם בארץ כנען
(101283, -25, 4);[90, 200, 30, 10];330;צרלי;26709;(2, 16, 3, 11, 26709);מצרים;2;(2, 16, 3, 41, 101283);ויאמרו אלהם בני ישראל מי יתן מותנו ביד יהוה בארץ מצרים בשבתנו על סיר הבשר באכלנו לחם לשבע כי הוצאתם אתנו אל המדבר הזה להמית את כל הקהל הזה ברעב
(123945, -25, 4);[90, 200, 30, 10];330;צרלי;32684;(2, 30, 18, 6, 32684);לרחצה;4;(2, 30, 18, 25, 123945);ועשית כיור נחשת וכנו נחשת לרחצה ונתת אתו בין אהל מועד ובין המזבח ונתת שמה מים
(249221, -25, 4);[90, 200, 30, 10];330;צרלי;65512;(4, 36, 2, 19, 65512);צלפחד;1;(4, 36, 2, 70, 249221);ויאמרו את אדני צוה יהוה לתת את הארץ בנחלה בגורל לבני ישראל ואדני צוה ביהוה לתת את נחלת צלפחד אחינו לבנתיו
(7687, -24, 4);[90, 200, 30, 10];330;צרלי;2056;(1, 6, 17, 20, 2056);בארץ;4;(1, 6, 17, 67, 7687);ואני הנני מביא את המבול מים על הארץ לשחת כל בשר אשר בו רוח חיים מתחת השמים כל אשר בארץ יגוע
(49228, -23, 4);[90, 200, 30, 10];330;צרלי;13118;(1, 34, 1, 10, 13118);הארץ;4;(1, 34, 1, 39, 49228);ותצא דינה בת לאה אשר ילדה ליעקב לראות בבנות הארץ
(72654, -23, 4);[90, 200, 30, 10];330;צרלי;19211;(1, 47, 14, 6, 19211);הנמצא;4;(1, 47, 14, 21, 72654);וילקט יוסף את כל הכסף הנמצא בארץ מצרים ובארץ כנען בשבר אשר הם שברים ויבא יוסף את הכסף ביתה פרעה
(187532, -23, 4);[90, 200, 30, 10];330;צרלי;49549;(4, 1, 28, 14, 49549);יצא;2;(4, 1, 28, 58, 187532);לבני יששכר תולדתם למשפחתם לבית אבתם במספר שמת מבן עשרים שנה ומעלה כל יצא צבא
(188211, -23, 4);[90, 200, 30, 10];330;צרלי;49710;(4, 1, 42, 14, 49710);יצא;2;(4, 1, 42, 57, 188211);בני נפתלי תולדתם למשפחתם לבית אבתם במספר שמת מבן עשרים שנה ומעלה כל יצא צבא
(916, -22, 4);[90, 200, 30, 10];330;צרלי;231;(1, 1, 20, 3, 231);ישרצו;4;(1, 1, 20, 14, 916);ויאמר אלהים ישרצו המים שרץ נפש חיה ועוף יעופף על הארץ על פני רקיע השמים
(1979, -22, 4);[90, 200, 30, 10];330;צרלי;513;(1, 2, 7, 1, 513);וייצר;4;(1, 2, 7, 4, 1979);וייצר יהוה אלהים את האדם עפר מן האדמה ויפח באפיו נשמת חיים ויהי האדם לנפש חיה
(84749, -22, 4);[90, 200, 30, 10];330;צרלי;22354;(2, 5, 23, 10, 22354);והצל;3;(2, 5, 23, 34, 84749);ומאז באתי אל פרעה לדבר בשמך הרע לעם הזה והצל לא הצלת את עמך
(126134, -22, 4);[90, 200, 30, 10];330;צרלי;33265;(2, 32, 8, 6, 33265);צויתם;1;(2, 32, 8, 16, 126134);סרו מהר מן הדרך אשר צויתם עשו להם עגל מסכה וישתחוו לו ויזבחו לו ויאמרו אלה אלהיך ישראל אשר העלוך מארץ מצרים
(130026, -20, 4);[90, 200, 30, 10];330;צרלי;34322;(2, 34, 18, 10, 34322);צויתך;1;(2, 34, 18, 33, 130026);את חג המצות תשמר שבעת ימים תאכל מצות אשר צויתך למועד חדש האביב כי בחדש האביב יצאת ממצרים
(39013, -18, 4);[90, 200, 30, 10];330;צרלי;10379;(1, 28, 8, 8, 10379);יצחק;2;(1, 28, 8, 28, 39013);וירא עשו כי רעות בנות כנען בעיני יצחק אביו
(106289, -18, 4);[90, 200, 30, 10];330;צרלי;28057;(2, 19, 12, 11, 28057);בקצהו;3;(2, 19, 12, 41, 106289);והגבלת את העם סביב לאמר השמרו לכם עלות בהר ונגע בקצהו כל הנגע בהר מות יומת
(186532, -16, 4);[90, 200, 30, 10];330;צרלי;49314;(4, 1, 3, 7, 49314);צבא;1;(4, 1, 3, 22, 186532);מבן עשרים שנה ומעלה כל יצא צבא בישראל תפקדו אתם לצבאתם אתה ואהרן
(289839, -16, 4);[90, 200, 30, 10];330;צרלי;76105;(5, 26, 13, 21, 76105);ממצותיך;3;(5, 26, 13, 88, 289839);ואמרת לפני יהוה אלהיך בערתי הקדש מן הבית וגם נתתיו ללוי ולגר ליתום ולאלמנה ככל מצותך אשר צויתני לא עברתי ממצותיך ולא שכחתי
(5272, -15, 4);[90, 200, 30, 10];330;צרלי;1405;(1, 4, 23, 15, 1405);לפצעי;3;(1, 4, 23, 57, 5272);ויאמר למך לנשיו עדה וצלה שמען קולי נשי למך האזנה אמרתי כי איש הרגתי לפצעי וילד לחברתי
(50565, -15, 4);[90, 200, 30, 10];330;צרלי;13477;(1, 34, 28, 2, 13477);צאנם;1;(1, 34, 28, 3, 50565);את צאנם ואת בקרם ואת חמריהם ואת אשר בעיר ואת אשר בשדה לקחו
(92487, -15, 4);[90, 200, 30, 10];330;צרלי;24388;(2, 10, 14, 10, 24388);מצרים;2;(2, 10, 14, 34, 92487);ויעל הארבה על כל ארץ מצרים וינח בכל גבול מצרים כבד מאד לפניו לא היה כן ארבה כמהו ואחריו לא יהיה כן
(97760, -14, 4);[90, 200, 30, 10];330;צרלי;25802;(2, 13, 17, 24, 25802);מצרימה;2;(2, 13, 17, 84, 97760);ויהי בשלח פרעה את העם ולא נחם אלהים דרך ארץ פלשתים כי קרוב הוא כי אמר אלהים פן ינחם העם בראתם מלחמה ושבו מצרימה
(246921, -14, 4);[90, 200, 30, 10];330;צרלי;64895;(4, 34, 17, 8, 64895);הארץ;4;(4, 34, 17, 30, 246921);אלה שמות האנשים אשר ינחלו לכם את הארץ אלעזר הכהן ויהושע בן נון
(293626, -14, 4);[90, 200, 30, 10];330;צרלי;77082;(5, 28, 42, 6, 77082);הצלצל;4;(5, 28, 42, 22, 293626);כל עצך ופרי אדמתך יירש הצלצל
(62298, -12, 4);[90, 200, 30, 10];330;צרלי;16537;(1, 41, 45, 5, 16537);צפנת;1;(1, 41, 45, 16, 62298);ויקרא פרעה שם יוסף צפנת פענח ויתן לו את אסנת בת פוטי פרע כהן אן לאשה ויצא יוסף על ארץ מצרים
(104523, -12, 4);[90, 200, 30, 10];330;צרלי;27573;(2, 18, 8, 20, 27573);ויצלם;3;(2, 18, 8, 74, 104523);ויספר משה לחתנו את כל אשר עשה יהוה לפרעה ולמצרים על אודת ישראל את כל התלאה אשר מצאתם בדרך ויצלם יהוה
(271116, -12, 4);[90, 200, 30, 10];330;צרלי;71115;(5, 12, 10, 5, 71115);בארץ;4;(5, 12, 10, 23, 271116);ועברתם את הירדן וישבתם בארץ אשר יהוה אלהיכם מנחיל אתכם והניח לכם מכל איביכם מסביב וישבתם בטח
(276319, -12, 4);[90, 200, 30, 10];330;צרלי;72480;(5, 15, 19, 18, 72480);צאנך;1;(5, 15, 19, 69, 276319);כל הבכור אשר יולד בבקרך ובצאנך הזכר תקדיש ליהוה אלהיך לא תעבד בבכר שורך ולא תגז בכור צאנך
(152787, -11, 4);[90, 200, 30, 10];330;צרלי;40319;(3, 8, 34, 5, 40319);צוה;1;(3, 8, 34, 15, 152787);כאשר עשה ביום הזה צוה יהוה לעשת לכפר עליכם
(39321, -10, 4);[90, 200, 30, 10];330;צרלי;10456;(1, 28, 14, 4, 10456);הארץ;4;(1, 28, 14, 16, 39321);והיה זרעך כעפר הארץ ופרצת ימה וקדמה וצפנה ונגבה ונברכו בך כל משפחת האדמה ובזרעך
(75804, -9, 4);[90, 200, 30, 10];330;צרלי;20014;(1, 49, 14, 4, 20014);רבץ;3;(1, 49, 14, 14, 75804);יששכר חמר גרם רבץ בין המשפתים
(90978, -9, 4);[90, 200, 30, 10];330;צרלי;23979;(2, 9, 25, 5, 23979);מצרים;2;(2, 9, 25, 15, 90978);ויך הברד בכל ארץ מצרים את כל אשר בשדה מאדם ועד בהמה ואת כל עשב השדה הכה הברד ואת כל עץ השדה שבר
(208900, -9, 4);[90, 200, 30, 10];330;צרלי;55052;(4, 12, 4, 10, 55052);צאו;1;(4, 12, 4, 33, 208900);ויאמר יהוה פתאם אל משה ואל אהרן ואל מרים צאו שלשתכם אל אהל מועד ויצאו שלשתם
(78930, -8, 4);[90, 200, 30, 10];330;צרלי;20829;(2, 1, 20, 6, 20829);ויעצמו;4;(2, 1, 20, 27, 78930);וייטב אלהים למילדת וירב העם ויעצמו מאד
(242426, -8, 4);[90, 200, 30, 10];330;צרלי;63780;(4, 32, 9, 7, 63780);הארץ;4;(4, 32, 9, 26, 242426);ויעלו עד נחל אשכול ויראו את הארץ ויניאו את לב בני ישראל לבלתי בא אל הארץ אשר נתן להם יהוה
(11122, -6, 4);[90, 200, 30, 10];330;צרלי;2992;(1, 9, 17, 16, 2992);הארץ;4;(1, 9, 17, 55, 11122);ויאמר אלהים אל נח זאת אות הברית אשר הקמתי ביני ובין כל בשר אשר על הארץ
(87394, -6, 4);[90, 200, 30, 10];330;צרלי;23044;(2, 7, 19, 32, 23044);ובעצים;4;(2, 7, 19, 113, 87394);ויאמר יהוה אל משה אמר אל אהרן קח מטך ונטה ידך על מימי מצרים על נהרתם על יאריהם ועל אגמיהם ועל כל מקוה מימיהם ויהיו דם והיה דם בכל ארץ מצרים ובעצים ובאבנים
(112116, -5, 4);[90, 200, 30, 10];330;צרלי;29679;(2, 23, 26, 5, 29679);בארצך;4;(2, 23, 26, 20, 112116);לא תהיה משכלה ועקרה בארצך את מספר ימיך אמלא
(264701, -5, 4);[90, 200, 30, 10];330;צרלי;69488;(5, 8, 9, 17, 69488);תחצב;3;(5, 8, 9, 58, 264701);ארץ אשר לא במסכנת תאכל בה לחם לא תחסר כל בה ארץ אשר אבניה ברזל ומהרריה תחצב נחשת
(279072, -5, 4);[90, 200, 30, 10];330;צרלי;73213;(5, 17, 20, 8, 73213);המצוה;3;(5, 17, 20, 31, 279072);לבלתי רום לבבו מאחיו ולבלתי סור מן המצוה ימין ושמאול למען יאריך ימים על ממלכתו הוא ובניו בקרב ישראל
(94562, -4, 4);[90, 200, 30, 10];330;צרלי;24955;(2, 12, 12, 9, 24955);בארץ;4;(2, 12, 12, 39, 94562);ועברתי בארץ מצרים בלילה הזה והכיתי כל בכור בארץ מצרים מאדם ועד בהמה ובכל אלהי מצרים אעשה שפטים אני יהוה
(210809, -4, 4);[90, 200, 30, 10];330;צרלי;55566;(4, 13, 32, 11, 55566);הארץ;4;(4, 13, 32, 40, 210809);ויציאו דבת הארץ אשר תרו אתה אל בני ישראל לאמר הארץ אשר עברנו בה לתור אתה ארץ אכלת יושביה הוא וכל העם אשר ראינו בתוכה אנשי מדות
(211260, -4, 4);[90, 200, 30, 10];330;צרלי;55684;(4, 14, 7, 8, 55684);הארץ;4;(4, 14, 7, 29, 211260);ויאמרו אל כל עדת בני ישראל לאמר הארץ אשר עברנו בה לתור אתה טובה הארץ מאד מאד
(263120, -3, 4);[90, 200, 30, 10];330;צרלי;69083;(5, 7, 9, 14, 69083);מצותו;2;(5, 7, 9, 60, 263120);וידעת כי יהוה אלהיך הוא האלהים האל הנאמן שמר הברית והחסד לאהביו ולשמרי מצותו לאלף דור
